Timestamp,GPU TEMP °,Power Consumption W,Utilization %,GPU name
2025-09-19 19:06:03,38,36.948,4,NVIDIA GeForce RTX 4090
2025-09-19 19:06:05,38,26.61,5,NVIDIA GeForce RTX 4090
2025-09-19 19:06:07,38,22.436,9,NVIDIA GeForce RTX 4090
2025-09-19 19:06:09,38,22.113,10,NVIDIA GeForce RTX 4090
2025-09-19 19:06:11,38,21.881,9,NVIDIA GeForce RTX 4090
2025-09-19 19:06:13,38,21.535,11,NVIDIA GeForce RTX 4090
2025-09-19 19:06:15,38,21.828,10,NVIDIA GeForce RTX 4090
2025-09-19 19:06:17,38,21.47,13,NVIDIA GeForce RTX 4090
2025-09-19 19:06:19,38,22.402,10,NVIDIA GeForce RTX 4090
2025-09-19 19:06:21,38,22.288,10,NVIDIA GeForce RTX 4090
2025-09-19 19:06:23,38,22.005,10,NVIDIA GeForce RTX 4090
2025-09-19 19:06:25,38,22.155,9,NVIDIA GeForce RTX 4090
2025-09-19 19:06:27,38,22.295,11,NVIDIA GeForce RTX 4090
2025-09-19 19:06:29,38,21.781,10,NVIDIA GeForce RTX 4090
2025-09-19 19:06:31,38,22.003,10,NVIDIA GeForce RTX 4090
2025-09-19 19:06:33,38,21.685,11,NVIDIA GeForce RTX 4090
2025-09-19 19:06:35,38,21.665,18,NVIDIA GeForce RTX 4090
2025-09-19 19:06:37,38,21.869,11,NVIDIA GeForce RTX 4090
2025-09-19 19:06:39,38,21.997,10,NVIDIA GeForce RTX 4090
2025-09-19 19:06:41,38,22.473,10,NVIDIA GeForce RTX 4090
2025-09-19 19:06:43,38,22.325,10,NVIDIA GeForce RTX 4090
2025-09-19 19:06:45,38,22.396,11,NVIDIA GeForce RTX 4090
2025-09-19 19:06:47,38,22.288,11,NVIDIA GeForce RTX 4090
2025-09-19 19:06:49,38,22.343,10,NVIDIA GeForce RTX 4090
2025-09-19 19:06:51,38,22.281,10,NVIDIA GeForce RTX 4090
2025-09-19 19:06:53,38,22.428,10,NVIDIA GeForce RTX 4090
2025-09-19 19:06:55,38,21.396,10,NVIDIA GeForce RTX 4090
2025-09-19 19:06:57,38,22.005,11,NVIDIA GeForce RTX 4090
2025-09-19 19:06:59,38,22.234,11,NVIDIA GeForce RTX 4090
2025-09-19 19:07:01,38,22.177,10,NVIDIA GeForce RTX 4090
2025-09-19 19:07:03,38,22.28,10,NVIDIA GeForce RTX 4090
2025-09-19 19:07:05,38,22.191,10,NVIDIA GeForce RTX 4090
2025-09-19 19:07:07,38,22.169,10,NVIDIA GeForce RTX 4090
2025-09-19 19:07:09,38,21.871,10,NVIDIA GeForce RTX 4090
2025-09-19 19:07:11,38,22.007,11,NVIDIA GeForce RTX 4090
2025-09-19 19:07:13,38,22.286,10,NVIDIA GeForce RTX 4090
2025-09-19 19:07:15,38,21.952,10,NVIDIA GeForce RTX 4090
2025-09-19 19:07:17,38,21.645,10,NVIDIA GeForce RTX 4090
2025-09-19 19:07:19,38,21.929,11,NVIDIA GeForce RTX 4090
2025-09-19 19:07:21,38,22.071,11,NVIDIA GeForce RTX 4090
2025-09-19 19:07:23,38,22.127,10,NVIDIA GeForce RTX 4090
2025-09-19 19:07:25,38,22.57,10,NVIDIA GeForce RTX 4090
2025-09-19 19:07:27,38,22.601,11,NVIDIA GeForce RTX 4090
2025-09-19 19:07:29,38,22.119,10,NVIDIA GeForce RTX 4090
2025-09-19 19:07:31,38,22.436,13,NVIDIA GeForce RTX 4090
2025-09-19 19:07:33,38,21.817,10,NVIDIA GeForce RTX 4090
2025-09-19 19:07:35,38,22.533,9,NVIDIA GeForce RTX 4090
2025-09-19 19:07:37,38,22.343,10,NVIDIA GeForce RTX 4090
2025-09-19 19:07:39,38,22.428,10,NVIDIA GeForce RTX 4090
2025-09-19 19:07:41,38,22.894,11,NVIDIA GeForce RTX 4090
2025-09-19 19:07:43,38,22.489,10,NVIDIA GeForce RTX 4090
2025-09-19 19:07:45,38,22.72,10,NVIDIA GeForce RTX 4090
2025-09-19 19:07:47,38,22.288,10,NVIDIA GeForce RTX 4090
2025-09-19 19:07:49,38,22.707,11,NVIDIA GeForce RTX 4090
2025-09-19 19:07:51,38,22.865,11,NVIDIA GeForce RTX 4090
2025-09-19 19:07:53,38,22.821,12,NVIDIA GeForce RTX 4090
2025-09-19 19:07:56,38,22.249,11,NVIDIA GeForce RTX 4090
2025-09-19 19:07:58,38,22.297,10,NVIDIA GeForce RTX 4090
2025-09-19 19:08:00,38,22.255,10,NVIDIA GeForce RTX 4090
2025-09-19 19:08:02,38,22.346,10,NVIDIA GeForce RTX 4090
2025-09-19 19:08:04,38,22.433,11,NVIDIA GeForce RTX 4090
2025-09-19 19:08:06,38,21.31,10,NVIDIA GeForce RTX 4090
2025-09-19 19:08:08,38,21.596,10,NVIDIA GeForce RTX 4090
2025-09-19 19:08:10,38,21.388,11,NVIDIA GeForce RTX 4090
2025-09-19 19:08:12,38,21.962,10,NVIDIA GeForce RTX 4090
2025-09-19 19:08:14,38,22.127,13,NVIDIA GeForce RTX 4090
2025-09-19 19:08:16,38,21.726,9,NVIDIA GeForce RTX 4090
2025-09-19 19:08:18,38,22.422,10,NVIDIA GeForce RTX 4090
2025-09-19 19:08:20,38,22.035,10,NVIDIA GeForce RTX 4090
2025-09-19 19:08:22,38,22.195,10,NVIDIA GeForce RTX 4090
2025-09-19 19:08:24,38,22.426,10,NVIDIA GeForce RTX 4090
2025-09-19 19:08:26,38,22.042,9,NVIDIA GeForce RTX 4090
2025-09-19 19:08:28,38,22.572,11,NVIDIA GeForce RTX 4090
2025-09-19 19:08:30,38,22.148,13,NVIDIA GeForce RTX 4090
2025-09-19 19:08:32,38,21.82,11,NVIDIA GeForce RTX 4090
2025-09-19 19:08:34,38,21.794,10,NVIDIA GeForce RTX 4090
2025-09-19 19:08:36,38,22.1,10,NVIDIA GeForce RTX 4090
2025-09-19 19:08:38,38,22.318,13,NVIDIA GeForce RTX 4090
2025-09-19 19:08:40,38,22.262,10,NVIDIA GeForce RTX 4090
2025-09-19 19:08:42,38,21.739,11,NVIDIA GeForce RTX 4090
2025-09-19 19:08:44,37,21.947,10,NVIDIA GeForce RTX 4090
2025-09-19 19:08:46,38,22.147,12,NVIDIA GeForce RTX 4090
2025-09-19 19:08:48,37,21.936,10,NVIDIA GeForce RTX 4090
2025-09-19 19:08:50,38,21.591,11,NVIDIA GeForce RTX 4090
2025-09-19 19:08:52,37,21.427,10,NVIDIA GeForce RTX 4090
2025-09-19 19:08:54,37,21.785,11,NVIDIA GeForce RTX 4090
2025-09-19 19:08:56,37,21.616,11,NVIDIA GeForce RTX 4090
2025-09-19 19:08:58,37,21.99,11,NVIDIA GeForce RTX 4090
2025-09-19 19:09:00,37,22.015,10,NVIDIA GeForce RTX 4090
2025-09-19 19:09:02,37,22.072,11,NVIDIA GeForce RTX 4090
2025-09-19 19:09:04,37,21.968,9,NVIDIA GeForce RTX 4090
2025-09-19 19:09:06,37,21.672,11,NVIDIA GeForce RTX 4090
2025-09-19 19:09:08,37,21.728,10,NVIDIA GeForce RTX 4090
2025-09-19 19:09:10,37,21.898,10,NVIDIA GeForce RTX 4090
2025-09-19 19:09:12,37,21.589,10,NVIDIA GeForce RTX 4090
2025-09-19 19:09:14,37,21.806,11,NVIDIA GeForce RTX 4090
2025-09-19 19:09:16,37,21.664,11,NVIDIA GeForce RTX 4090
2025-09-19 19:09:18,37,21.633,11,NVIDIA GeForce RTX 4090
2025-09-19 19:09:20,37,21.822,9,NVIDIA GeForce RTX 4090
2025-09-19 19:09:22,37,21.789,12,NVIDIA GeForce RTX 4090
2025-09-19 19:09:24,37,21.685,9,NVIDIA GeForce RTX 4090
2025-09-19 19:09:26,37,22.363,13,NVIDIA GeForce RTX 4090
2025-09-19 19:09:28,37,22.62,10,NVIDIA GeForce RTX 4090
2025-09-19 19:09:30,37,22.686,11,NVIDIA GeForce RTX 4090
2025-09-19 19:09:32,37,22.516,10,NVIDIA GeForce RTX 4090
2025-09-19 19:09:34,37,22.033,10,NVIDIA GeForce RTX 4090
2025-09-19 19:09:36,37,22.491,11,NVIDIA GeForce RTX 4090
2025-09-19 19:09:38,37,22.552,9,NVIDIA GeForce RTX 4090
2025-09-19 19:09:40,37,22.552,10,NVIDIA GeForce RTX 4090
2025-09-19 19:09:42,37,22.837,10,NVIDIA GeForce RTX 4090
2025-09-19 19:09:44,37,22.585,11,NVIDIA GeForce RTX 4090
2025-09-19 19:09:46,37,22.389,10,NVIDIA GeForce RTX 4090
2025-09-19 19:09:48,37,22.119,11,NVIDIA GeForce RTX 4090
2025-09-19 19:09:50,37,22.239,11,NVIDIA GeForce RTX 4090
2025-09-19 19:09:52,37,22.366,11,NVIDIA GeForce RTX 4090
2025-09-19 19:09:54,37,22.432,11,NVIDIA GeForce RTX 4090
2025-09-19 19:09:56,37,22.063,10,NVIDIA GeForce RTX 4090
2025-09-19 19:09:58,37,22.389,13,NVIDIA GeForce RTX 4090
2025-09-19 19:10:00,37,22.325,10,NVIDIA GeForce RTX 4090
2025-09-19 19:10:02,37,21.887,10,NVIDIA GeForce RTX 4090
2025-09-19 19:10:04,37,21.569,12,NVIDIA GeForce RTX 4090
2025-09-19 19:10:06,37,22.179,10,NVIDIA GeForce RTX 4090
2025-09-19 19:10:08,37,22.367,11,NVIDIA GeForce RTX 4090
2025-09-19 19:10:10,37,22.684,12,NVIDIA GeForce RTX 4090
2025-09-19 19:10:12,37,22.258,10,NVIDIA GeForce RTX 4090
2025-09-19 19:10:14,37,22.072,10,NVIDIA GeForce RTX 4090
2025-09-19 19:10:16,37,22.054,12,NVIDIA GeForce RTX 4090
2025-09-19 19:10:18,37,22.03,13,NVIDIA GeForce RTX 4090
2025-09-19 19:10:20,37,22.7,10,NVIDIA GeForce RTX 4090
2025-09-19 19:10:22,37,22.657,11,NVIDIA GeForce RTX 4090
2025-09-19 19:10:24,37,22.426,11,NVIDIA GeForce RTX 4090
2025-09-19 19:10:26,37,21.998,10,NVIDIA GeForce RTX 4090
2025-09-19 19:10:28,37,22.177,13,NVIDIA GeForce RTX 4090
2025-09-19 19:10:30,37,22.411,11,NVIDIA GeForce RTX 4090
2025-09-19 19:10:32,37,22.376,10,NVIDIA GeForce RTX 4090
2025-09-19 19:10:34,37,22.256,11,NVIDIA GeForce RTX 4090
2025-09-19 19:10:36,37,22.109,11,NVIDIA GeForce RTX 4090
2025-09-19 19:10:38,37,22.077,12,NVIDIA GeForce RTX 4090
2025-09-19 19:10:40,37,22.319,13,NVIDIA GeForce RTX 4090
2025-09-19 19:10:42,37,22.036,10,NVIDIA GeForce RTX 4090
2025-09-19 19:10:44,37,22.088,9,NVIDIA GeForce RTX 4090
2025-09-19 19:10:46,37,21.889,10,NVIDIA GeForce RTX 4090
2025-09-19 19:10:48,37,22.053,11,NVIDIA GeForce RTX 4090
2025-09-19 19:10:50,37,22.354,10,NVIDIA GeForce RTX 4090
2025-09-19 19:10:52,39,69.307,3,NVIDIA GeForce RTX 4090
2025-09-19 19:10:54,40,66.27,2,NVIDIA GeForce RTX 4090
2025-09-19 19:10:56,38,33.704,6,NVIDIA GeForce RTX 4090
2025-09-19 19:10:58,38,24.269,13,NVIDIA GeForce RTX 4090
2025-09-19 19:11:00,38,22.162,10,NVIDIA GeForce RTX 4090
2025-09-19 19:11:02,38,23.029,18,NVIDIA GeForce RTX 4090
2025-09-19 19:11:04,38,21.798,13,NVIDIA GeForce RTX 4090
2025-09-19 19:11:06,38,21.539,11,NVIDIA GeForce RTX 4090
2025-09-19 19:11:08,38,22.893,19,NVIDIA GeForce RTX 4090
2025-09-19 19:11:10,38,22.09,11,NVIDIA GeForce RTX 4090
2025-09-19 19:11:12,38,22.938,53,NVIDIA GeForce RTX 4090
2025-09-19 19:11:14,38,24.105,17,NVIDIA GeForce RTX 4090
2025-09-19 19:11:16,38,23.614,10,NVIDIA GeForce RTX 4090
2025-09-19 19:11:18,38,23.932,40,NVIDIA GeForce RTX 4090
2025-09-19 19:11:20,38,23.057,9,NVIDIA GeForce RTX 4090
2025-09-19 19:11:22,38,21.556,12,NVIDIA GeForce RTX 4090
2025-09-19 19:11:24,37,21.388,11,NVIDIA GeForce RTX 4090
2025-09-19 19:11:26,37,22.495,36,NVIDIA GeForce RTX 4090
2025-09-19 19:11:28,37,21.723,13,NVIDIA GeForce RTX 4090
2025-09-19 19:11:30,37,22.072,10,NVIDIA GeForce RTX 4090
2025-09-19 19:11:32,37,21.971,14,NVIDIA GeForce RTX 4090
2025-09-19 19:11:34,37,21.912,18,NVIDIA GeForce RTX 4090
2025-09-19 19:11:36,37,22.159,19,NVIDIA GeForce RTX 4090
2025-09-19 19:11:38,37,22.382,14,NVIDIA GeForce RTX 4090
2025-09-19 19:11:40,37,21.873,16,NVIDIA GeForce RTX 4090
2025-09-19 19:11:42,37,22.0,13,NVIDIA GeForce RTX 4090
2025-09-19 19:11:44,37,22.371,15,NVIDIA GeForce RTX 4090
2025-09-19 19:11:46,37,22.196,22,NVIDIA GeForce RTX 4090
2025-09-19 19:11:48,37,23.069,10,NVIDIA GeForce RTX 4090
2025-09-19 19:11:50,37,22.172,14,NVIDIA GeForce RTX 4090
2025-09-19 19:11:52,37,22.576,15,NVIDIA GeForce RTX 4090
2025-09-19 19:11:54,37,21.726,10,NVIDIA GeForce RTX 4090
2025-09-19 19:11:56,37,21.98,11,NVIDIA GeForce RTX 4090
2025-09-19 19:11:58,37,22.198,11,NVIDIA GeForce RTX 4090
2025-09-19 19:12:00,37,21.607,11,NVIDIA GeForce RTX 4090
2025-09-19 19:12:02,37,23.316,45,NVIDIA GeForce RTX 4090
2025-09-19 19:12:04,37,23.407,20,NVIDIA GeForce RTX 4090
2025-09-19 19:12:06,37,22.787,51,NVIDIA GeForce RTX 4090
2025-09-19 19:12:08,37,23.046,9,NVIDIA GeForce RTX 4090
2025-09-19 19:12:10,37,22.474,10,NVIDIA GeForce RTX 4090
2025-09-19 19:12:12,37,24.362,39,NVIDIA GeForce RTX 4090
2025-09-19 19:12:14,37,22.947,13,NVIDIA GeForce RTX 4090
2025-09-19 19:12:16,37,21.881,10,NVIDIA GeForce RTX 4090
2025-09-19 19:12:18,37,22.781,10,NVIDIA GeForce RTX 4090
2025-09-19 19:12:20,37,22.531,10,NVIDIA GeForce RTX 4090
2025-09-19 19:12:22,37,23.896,27,NVIDIA GeForce RTX 4090
2025-09-19 19:12:24,37,23.557,11,NVIDIA GeForce RTX 4090
2025-09-19 19:12:26,37,22.943,10,NVIDIA GeForce RTX 4090
2025-09-19 19:12:28,37,22.236,8,NVIDIA GeForce RTX 4090
2025-09-19 19:12:30,37,22.182,9,NVIDIA GeForce RTX 4090
2025-09-19 19:12:32,37,22.823,5,NVIDIA GeForce RTX 4090
2025-09-19 19:12:34,37,22.209,3,NVIDIA GeForce RTX 4090
2025-09-19 19:12:36,37,22.195,5,NVIDIA GeForce RTX 4090
2025-09-19 19:12:38,37,21.876,5,NVIDIA GeForce RTX 4090
2025-09-19 19:12:40,37,22.73,49,NVIDIA GeForce RTX 4090
2025-09-19 19:12:43,37,22.514,10,NVIDIA GeForce RTX 4090
2025-09-19 19:12:45,37,22.964,36,NVIDIA GeForce RTX 4090
2025-09-19 19:12:47,37,22.926,32,NVIDIA GeForce RTX 4090
2025-09-19 19:12:49,37,22.417,4,NVIDIA GeForce RTX 4090
2025-09-19 19:12:51,37,22.684,21,NVIDIA GeForce RTX 4090
2025-09-19 19:12:53,37,21.698,4,NVIDIA GeForce RTX 4090
2025-09-19 19:12:55,37,21.323,7,NVIDIA GeForce RTX 4090
2025-09-19 19:12:57,37,23.009,8,NVIDIA GeForce RTX 4090
2025-09-19 19:12:59,37,22.07,6,NVIDIA GeForce RTX 4090
2025-09-19 19:13:01,37,22.266,4,NVIDIA GeForce RTX 4090
2025-09-19 19:13:03,37,23.133,23,NVIDIA GeForce RTX 4090
2025-09-19 19:13:05,37,22.615,38,NVIDIA GeForce RTX 4090
2025-09-19 19:13:07,37,22.874,34,NVIDIA GeForce RTX 4090
2025-09-19 19:13:09,37,22.84,38,NVIDIA GeForce RTX 4090
2025-09-19 19:13:11,37,21.848,3,NVIDIA GeForce RTX 4090
2025-09-19 19:13:13,37,21.239,3,NVIDIA GeForce RTX 4090
2025-09-19 19:13:15,37,20.867,3,NVIDIA GeForce RTX 4090
2025-09-19 19:13:17,37,21.813,3,NVIDIA GeForce RTX 4090
2025-09-19 19:13:19,37,21.691,5,NVIDIA GeForce RTX 4090
2025-09-19 19:13:21,37,22.669,18,NVIDIA GeForce RTX 4090
2025-09-19 19:13:23,37,21.452,10,NVIDIA GeForce RTX 4090
2025-09-19 19:13:25,37,21.795,17,NVIDIA GeForce RTX 4090
2025-09-19 19:13:27,37,21.435,10,NVIDIA GeForce RTX 4090
2025-09-19 19:13:29,37,22.228,40,NVIDIA GeForce RTX 4090
2025-09-19 19:13:31,37,22.291,9,NVIDIA GeForce RTX 4090
2025-09-19 19:13:33,37,21.967,17,NVIDIA GeForce RTX 4090
2025-09-19 19:13:35,37,23.339,11,NVIDIA GeForce RTX 4090
